age,VAI,hdl_c,abdominal,BMI,alt_ast,alt,Gtg,NAFLD
34,1.747571694,1.42,89.0,23.78,1.294117647,22,1,1
34,1.4126263730787936,1.0146235155420331,104.83669091641312,27.98155878885508,1.2111250379061844,28,0,0
35,1.7353211455074682,1.2012815281849538,93.56221572947992,27.25004134843929,0.8638127970537279,16,0,0
32,1.703827672,1.1,90.0,24.74,1.2,18,0,1
54,0.9070194375027474,1.5627999353740074,77.13411726690593,19.966316523707007,0.6272192769171628,7,0,0
40,3.174373861,1.14,102.0,28.09,1.785714286,50,1,1
25,2.96521482,1.15,105.0,29.65,1.709677419,53,1,1
35,0.97270605423497,1.2281550042534932,84.0,23.73192509642624,0.823529412,14,0,0
45,2.327391179,1.44,101.5,35.34,1.148148148,31,1,1
27,2.876157123,0.95,89.0,25.83,1.736842105,33,1,1
31,0.5530628035364514,1.9627799610459769,71.21049947561892,19.74504004794341,0.966791660158368,23,0,0
28,0.4570852964704086,1.4860759033256894,89.45689020122902,26.82999263342566,0.8960131766347136,20,0,0
42,2.019122198,1.09,112.5,33.08,1.85,37,0,1
52,2.362152828,1.09,92.5,27.73,0.875,14,0,1
28,1.488369751,1.51,84.0,22.89,1.0,22,1,0
33,0.8768636941197345,1.3169891489401713,73.85543498822412,20.151355986999526,0.564773188492245,10,0,0
29,0.7228962490582121,1.1430652871844318,71.32574622425267,19.98602425972589,0.5351602277569776,9,0,0
43,6.026975595,0.84,98.0,27.74,1.166666667,21,1,1
31,5.4386305,1.1,111.0,30.64,1.916666667,46,1,1
25,2.219876025,1.26,101.0,32.83,2.0,42,1,1
32,0.6145830301853367,1.537219339900645,90.69585495074516,27.50175129704471,0.8597400229367267,18,0,0
25,2.489837952,1.11,83.0,25.15,1.206896552,35,0,1
30,2.281673507,0.91,130.0,39.64,1.136363636,25,0,1
34,1.228443047439995,1.3498565697119924,88.75044821965002,24.715883776344626,1.2366655461422484,29,0,0
38,0.550250091,1.47,78.0,20.76,0.470588235,8,0,0
35,2.213531003,1.13,90.0,27.38,2.88,72,1,1
38,1.0949067089251483,1.3179522177980645,82.09228669321162,22.33547304009582,0.6632173689905856,12,0,0
32,0.9930139939260594,1.4498671853652192,76.83594597560493,21.555090351218904,0.6908293042396698,11,0,0
32,0.9636083947341968,1.065821682641359,107.55681874337664,28.87374147818103,1.0972048478412049,23,0,0
30,0.7491627,1.06,71.0,20.03,0.529411765,9,0,0
37,1.4348559860422212,1.0983870697488485,85.80376294539555,23.249408703946006,0.8199122402408907,13,0,0
29,0.9272605572371015,1.307721004067761,74.22151255084701,20.49659167576337,0.8764643965252897,14,0,0
47,4.089680688,1.55,93.0,27.55,1.117647059,19,1,1
55,1.604403488,1.09,98.0,29.4,0.958333333,23,0,1
30,6.558321111,1.02,82.0,23.73,1.416666667,34,1,1
30,0.965577505,1.29,74.0,20.82,0.823529412,14,0,0
29,1.717309318,1.24,95.0,28.39,1.777777778,64,0,1
48,1.190652143,1.19,104.5,30.04,2.591836735,127,0,1
39,2.221731261,0.9,88.0,26.26,1.903225806,59,0,1
36,3.923518373,0.98,102.0,30.22,2.24,56,1,1
41,0.5143580959674996,1.5623156695535867,78.22516016964289,21.822756000714463,0.4772105929968969,8,0,0
54,0.390843589,1.88,79.0,25.48,0.5,11,0,0
49,2.857985375,1.43,93.0,27.64,0.529411765,9,1,1
28,0.918546263,1.2,106.5,33.8,1.083333333,26,0,1
32,0.8104572860915207,1.9617282585185805,74.50185961802752,19.98182242566697,0.926197115010714,20,0,0
35,0.889938484,1.05,105.5,28.07,1.208333333,29,0,0
38,0.876322369,1.36,102.0,32.74,2.534883721,109,0,1
30,0.915446715,1.82,86.0,23.94,1.357142857,38,0,1
62,2.299221679,0.96,106.0,29.07,1.333333333,28,0,1
34,3.16050176,0.82,97.0,26.75,0.9,18,1,0
33,2.843590709,1.11,121.0,35.43,2.166666667,39,1,1
62,1.992000576,1.31,90.0,28.2,1.5625,50,1,1
33,2.732644735,1.32,96.5,27.76,1.230769231,32,1,1
31,0.512870782,1.91,70.5,19.81,0.958333333,23,0,0
36,3.037148171,1.15,91.0,25.25,1.210526316,23,1,1
41,4.639500649,0.94,114.0,32.83,1.7,34,1,1
33,2.5010313038395826,0.9409582538791044,103.4554672602332,27.79739563469776,1.216938268800965,28,0,0
33,1.0789635431866818,1.430859912697863,79.95700436510685,22.37452860121315,0.8051496432931936,12,0,0
54,0.944121498,1.54,77.0,19.57,0.636363636,7,0,0
55,4.881539199,1.15,100.0,27.7,1.342857143,47,1,1
32,1.107769403,1.34,76.0,21.45,0.705882353,12,0,0
53,3.115932242,0.99,84.0,25.31,1.238095238,26,1,1
33,1.0796539522786708,1.3858176890649072,80.89967928429985,23.427091155467547,0.823529412,14,0,0
29,6.25773683,0.92,104.0,34.54,3.053571429,171,1,1
39,1.832070832,1.01,96.0,27.68,1.523809524,32,0,1
42,1.374860816,1.57,81.0,23.12,1.903225806,59,0,1
39,3.156322774,1.01,89.0,23.78,1.607142857,45,1,1
42,2.413276427,1.05,95.0,26.83,2.217391304,51,1,1
61,3.598501244,1.35,104.0,26.57,1.461538462,38,1,1
32,0.8864123631772779,1.6676543450231756,79.5,22.689588332151647,0.7424871004039751,11,0,0
47,2.30075487,1.29,99.5,28.91,1.333333333,24,0,1
33,0.710861182,2.17,74.0,19.49,1.0,23,0,0
58,2.558986005,1.44,110.0,33.56,1.428571429,80,1,1
39,0.9463064853247468,1.4906416391316366,80.06416391316367,21.33796589568583,0.5399718958541665,10,0,0
27,1.122751619,1.1,112.0,30.61,0.857142857,12,0,0
34,0.9183955862237364,1.0561115757544643,106.29450484808036,28.380468048326787,1.1654067890335926,26,0,0
35,0.96911162284354,1.240192768741989,84.0,23.73783041485456,0.823529412,14,0,0
32,1.1631362492089945,1.551569840149524,80.25871438654283,23.26412856134572,0.8532829173149498,15,0,0
29,1.852250646,0.87,97.5,27.76,2.0,34,0,1
54,1.582195367,1.13,97.0,28.96,1.235294118,21,0,1
62,1.328718847,1.62,96.5,26.81,0.857142857,18,0,1
40,1.125867742,1.5,81.0,21.6,0.571428571,12,0,0
48,1.430949305,0.87,101.5,26.88,1.846153846,48,0,1
65,1.689370028,1.61,121.0,33.65,1.15,23,0,1
36,2.283394608,1.23,86.5,23.53,2.78125,89,1,1
33,2.801301717884765,0.7432766798322775,102.6941742564942,30.50143203299243,0.6663488106961266,11,0,0
28,0.426623877,2.08,75.0,19.49,0.6,9,0,0
65,1.765444255,1.3,90.0,25.85,0.913043478,21,1,1
31,2.2231464642213443,0.8661454948865646,105.899447692693,30.538826889748083,0.7320653956890772,11,0,0
42,2.2937967326751005,0.8536199792770416,95.97444406068595,27.10386657456463,1.4524145373706376,30,0,0
38,4.965705608,1.35,94.5,24.86,2.206896552,64,1,1
34,7.987037547,1.2,99.5,27.04,1.636363636,36,1,1
29,1.512213101,1.28,91.0,25.39,1.555555556,28,0,1
25,1.0308322403102796,1.2858076631422366,86.18724231080745,24.12032379982919,0.9739614008535072,20,0,0
29,0.6013686783362759,1.527385292396254,72.83288349959315,19.782560727554923,0.5617567677992259,9,0,0
47,2.895182057,0.97,89.0,24.73,1.222222222,22,1,1
28,2.596173118,1.35,104.5,31.51,1.307692308,17,1,1
33,1.0942391987117446,1.5307688548122678,79.73489313097285,23.354615572593865,0.823529412,14,0,0
35,0.928051023,1.42,75.0,20.2,0.578947368,11,0,0
39,1.9031377172992705,1.2153162471473231,87.94746453103426,22.808975469078412,0.8156133733330612,13,0,0
33,1.80034324,1.17,97.0,26.87,1.666666667,25,0,1
58,0.58415385,1.38,92.0,25.99,0.846153846,11,0,0
40,1.643991795,0.96,94.0,27.76,1.105263158,21,0,1
40,1.330866485,1.75,87.5,26.9,1.115384615,29,0,0
29,5.408436951,0.97,109.0,31.74,2.722222222,49,1,1
29,0.6126529232622901,1.491699883373308,72.69294071911101,19.801453002920013,0.5592871893304192,9,0,0
55,3.84626953,1.09,87.0,24.61,1.148148148,31,1,1
42,5.23743377,0.79,93.0,25.88,1.3,26,1,1
23,3.36101441,0.82,113.0,32.15,3.4,136,1,1
28,0.547882889125652,1.9022581413270212,74.77501030547724,19.789236293715263,0.6502918141227316,10,0,0
39,3.28246151,1.12,106.0,32.45,1.731707317,71,1,1
28,2.301226319,1.07,109.0,31.63,1.346153846,35,0,1
31,1.089654858214377,1.333630247208029,75.74520988832116,21.369741114821164,0.7208700066506485,12,0,0
35,0.882576269,1.53,84.0,23.88,0.823529412,14,0,0
47,1.908579601,1.04,94.5,26.89,1.565217391,36,0,1
35,3.28726681,0.64,100.0,30.47,0.611111111,11,0,0
59,3.668628627,0.89,97.0,29.3,1.321428571,37,0,1
47,2.045923853,1.3,89.0,23.49,1.285714286,27,1,1
38,2.97027917,1.24,83.5,27.24,1.333333333,20,1,1
47,3.394670101,1.11,91.0,26.22,1.133333333,17,1,1
32,2.241757928,1.4,92.0,26.29,1.65,33,1,1
32,4.435940731,0.81,101.0,27.47,1.227272727,27,1,0
31,2.019849686,0.95,98.0,30.72,1.384615385,18,0,0
42,4.456704034,1.05,109.0,31.21,1.580645161,49,1,1
33,1.0443613121803512,1.452219916882254,80.88879667529017,22.73663277816913,0.8149507261790013,13,0,0
54,0.8286723352479373,1.6109457484153795,77.41732793185517,20.80320403863204,0.6079094589039341,7,0,0
53,1.116166374,1.6,93.0,27.43,1.227272727,27,0,1
30,0.384561117,1.63,90.0,27.46,0.875,21,0,0
36,0.880401334,1.43,91.5,27.55,0.842105263,16,0,0
65,7.774482332,1.54,98.5,23.44,0.952380952,20,1,1
32,0.735924012,1.43,93.5,24.33,0.913043478,21,0,1
29,0.890899511676024,1.399463248155259,74.13856107361426,20.635713772093045,0.7925569366889176,13,0,0
45,2.066412195,0.72,93.5,26.51,1.5,30,0,0
44,1.9456483055803484,1.314311735364866,89.94724173015206,23.116138422212888,0.8185205617245245,12,0,0
29,0.684293780121706,1.5790770912016512,73.25769090665291,19.53423090933471,1.0221687708582758,19,0,0
33,4.563482242,0.88,104.0,29.98,2.857142857,100,1,1
36,7.850395629,1.01,104.0,31.07,1.0,25,1,1
37,4.788472385,1.11,106.0,28.4,2.0,50,1,1
35,2.985344012,1.26,103.5,28.91,1.307692308,34,1,0
31,0.6338762287939386,1.7940590610941338,71.61872835786362,20.14358445579933,0.9069835020370072,20,0,0
47,8.66342392,0.97,99.0,27.43,1.095238095,23,1,1
61,5.791123112,1.12,98.5,26.11,1.441860465,62,1,1
29,1.7829415482147075,0.9896124147125086,101.6971587065008,30.69095089587749,1.245318981476058,16,0,0
28,0.792598829,1.37,75.0,19.36,1.0625,17,0,0
25,1.553962077,0.92,98.0,28.05,1.857142857,39,0,1
24,0.651631163,1.1,88.0,25.14,0.952380952,20,0,0
36,0.9694823511982626,1.5192837079993022,82.92837079993022,23.06556180794697,0.7334765378074172,13,0,0
54,1.710956982,1.72,89.5,23.46,1.56,39,0,1
31,0.5835943753915662,1.860985024544859,78.51988353410049,21.367271218186925,0.6335227004365088,9,0,0
35,2.120586620056005,1.173334650557322,104.32538428040644,28.56333860222929,1.266687639958851,31,0,0
54,0.5607368524195553,1.775597296362236,78.38586644918962,23.66523535735534,0.5418727419890469,9,0,0
34,1.856895459,1.49,95.0,27.01,0.7,14,0,1
34,1.44413465,1.34,88.0,25.04,1.565217391,36,0,0
54,1.547988949,1.32,90.0,26.44,1.388888889,25,0,1
42,1.599936227,1.05,105.5,32.0,2.897435897,113,0,1
33,1.090579445,1.43,80.0,22.41,0.8125,13,0,0
35,7.133969498,0.88,101.0,27.68,0.875,14,1,1
33,2.996582524891906,0.8386818584297355,97.14370660330566,27.32051521512346,0.9696424308880136,18,0,0
33,1.2747759835591743,1.3863526237096369,88.31967326696301,25.426804653025243,1.4548953668521714,33,0,0
45,4.164747766,1.3,85.0,24.68,1.727272727,38,1,1
34,1.208002416,1.27,89.0,24.28,1.260869565,29,0,0
38,0.854571778,1.37,97.0,30.46,1.5,27,0,1
32,3.095159759,1.23,100.0,29.97,2.0625,99,1,1
40,2.324551896455387,1.2480392722808018,90.32664794098724,23.118252435150303,0.7966449799590897,12,0,0
56,0.9758012880510284,1.618719369628177,80.37368726977901,20.633836052403648,0.630684027858515,7,0,0
34,3.1771835753502717,0.7963126606028329,97.3947889899528,27.23953834754145,0.8619832824343694,17,0,0
30,1.390923396301221,1.4265839874759056,85.73783359425197,23.373117739202048,1.0906695787549794,24,0,0
64,1.084975351,1.89,92.0,24.3,0.611111111,11,0,0
53,2.132406474,1.88,111.5,33.39,1.692307692,22,1,1
61,0.9413825041059164,1.887931331560447,89.31073102858088,24.544102875867274,0.588125906139061,11,0,0
28,2.394805164,1.07,99.0,27.77,1.44,36,1,1
33,1.097180489,1.56,79.5,23.34,0.823529412,14,0,0
44,2.131470052,1.56,85.0,24.01,1.413793103,41,0,1
35,1.9115236498546484,1.0915570593172728,95.14147467823187,28.800953654169067,0.7431453388438065,13,0,0
29,1.7643668,1.49,99.0,25.77,2.7,108,1,1
63,3.703155631,1.48,92.0,25.22,1.653846154,43,1,1
32,1.709458579,1.13,95.0,25.97,2.225,89,0,1
29,1.451198396,1.29,90.0,24.68,2.272727273,50,0,1
36,5.243730708,0.72,93.0,27.22,1.928571429,54,1,1
32,0.627303029,1.8,79.5,21.89,0.642857143,9,0,0
34,1.85967367,1.16,110.5,31.22,1.222222222,22,0,1
37,0.5542886849490368,1.487296368415986,78.0786198564363,20.819226958515348,0.4796174062102656,8,0,0
36,1.040832284,1.0,84.0,23.62,0.823529412,14,0,0
34,1.2750418687009395,1.0109903941381213,104.05834065293055,27.84611878374922,1.1560378469373505,27,0,0
46,1.448097949,1.52,89.0,26.49,1.0,19,1,1
30,3.197530497,1.15,100.0,27.16,1.272727273,28,1,1
41,2.242281935,1.3,89.5,22.49,0.8125,13,0,0
26,0.5529038021323919,1.295924260483455,88.73933683201304,25.997630725135124,0.9237756580450835,20,0,0
33,1.0891984018812089,1.4806723836806683,80.13745405970892,23.379663808159663,0.823529412,14,0,0
34,2.618319177204192,1.279051264226401,99.80881755613484,27.98839509304786,1.3690195380144852,34,0,0
33,0.9363844501953446,1.3911311725038655,74.77793209618358,20.33768210036618,0.6332611898222151,11,0,0
31,1.069022424376238,1.3097463713759605,75.45975663171357,21.296570883406652,0.6868149400270789,11,0,0
